PassengerId,Survived,Pclass,Sex,Age,SibSp,Parch,Fare,Embarked
1,0.0,3,0,2,1,0,7.25,0
2,1.0,1,1,3,1,0,71.2833,1
3,1.0,3,1,2,0,0,7.925,0
4,1.0,1,1,2,1,0,53.1,0
5,0.0,3,0,2,0,0,8.05,0
6,0.0,3,0,2,0,0,8.4583,2
7,0.0,1,0,3,0,0,51.8625,0
8,0.0,3,0,0,3,1,21.075,0
9,1.0,3,1,2,0,2,11.1333,0
10,1.0,2,1,1,1,0,30.0708,1
11,1.0,3,1,0,1,1,16.7,0
12,1.0,1,1,3,0,0,26.55,0
13,0.0,3,0,2,0,0,8.05,0
14,0.0,3,0,3,1,5,31.275,0
15,0.0,3,1,1,0,0,7.8542,0
16,1.0,2,1,3,0,0,16.0,0
17,0.0,3,0,0,4,1,29.125,2
18,1.0,2,0,2,0,0,13.0,0
19,0.0,3,1,2,1,0,18.0,0
20,1.0,3,1,2,0,0,7.225,1
21,0.0,2,0,2,0,0,26.0,0
22,1.0,2,0,2,0,0,13.0,0
23,1.0,3,1,1,0,0,8.0292,2
24,1.0,1,0,2,0,0,35.5,0
25,0.0,3,1,0,3,1,21.075,0
26,1.0,3,1,3,1,5,31.3875,0
27,0.0,3,0,2,0,0,7.225,1
28,0.0,1,0,2,3,2,14.4542,0
29,1.0,3,1,2,0,0,7.8792,2
30,0.0,3,0,2,0,0,7.8958,0
31,0.0,1,0,3,0,0,27.7208,1
32,1.0,1,1,2,1,0,14.4542,1
33,1.0,3,1,2,0,0,7.75,2
34,0.0,2,0,4,0,0,10.5,0
35,0.0,1,0,2,1,0,82.1708,1
36,0.0,1,0,3,1,0,52.0,0
37,1.0,3,0,2,0,0,7.2292,1
38,0.0,3,0,2,0,0,8.05,0
39,0.0,3,1,1,2,0,18.0,0
40,1.0,3,1,1,1,0,11.2417,1
41,0.0,3,1,3,1,0,9.475,0
42,0.0,2,1,2,1,0,21.0,0
43,0.0,3,0,2,0,0,7.8958,1
44,1.0,2,1,0,1,2,41.5792,1
45,1.0,3,1,2,0,0,7.8792,2
46,0.0,3,0,2,0,0,8.05,0
47,0.0,3,0,2,1,0,15.5,2
48,1.0,3,1,2,0,0,7.75,2
49,0.0,3,0,2,2,0,21.6792,1
50,0.0,3,1,1,1,0,17.8,0
51,0.0,3,0,0,4,1,39.6875,0
52,0.0,3,0,2,0,0,7.8,0
53,1.0,1,1,3,1,0,76.7292,1
54,1.0,2,1,2,1,0,26.0,0
55,0.0,1,0,4,0,1,61.9792,1
56,1.0,1,0,2,0,0,35.5,0
57,1.0,2,1,2,0,0,10.5,0
58,0.0,3,0,2,0,0,7.2292,1
59,1.0,2,1,0,1,2,27.75,0
60,0.0,3,0,0,5,2,46.9,0
61,0.0,3,0,2,0,0,7.2292,1
62,1.0,1,1,3,0,0,80.0,0
63,0.0,1,0,3,1,0,83.475,0
64,0.0,3,0,0,3,2,27.9,0
65,0.0,1,0,2,0,0,27.7208,1
66,1.0,3,0,2,1,1,15.2458,1
67,1.0,2,1,2,0,0,10.5,0
68,0.0,3,0,2,0,0,8.1583,0
69,1.0,3,1,1,4,2,7.925,0
70,0.0,3,0,2,2,0,8.6625,0
71,0.0,2,0,2,0,0,10.5,0
72,0.0,3,1,1,5,2,46.9,0
73,0.0,2,0,2,0,0,73.5,0
74,0.0,3,0,2,1,0,14.4542,1
75,1.0,3,0,2,0,0,56.4958,0
76,0.0,3,0,2,0,0,7.65,0
77,0.0,3,0,2,0,0,7.8958,0
78,0.0,3,0,2,0,0,8.05,0
79,1.0,2,0,0,0,2,29.0,0
80,1.0,3,1,2,0,0,12.475,0
81,0.0,3,0,2,0,0,9.0,0
82,1.0,3,0,2,0,0,9.5,0
83,1.0,3,1,2,0,0,7.7875,2
84,0.0,1,0,2,0,0,47.1,0
85,1.0,2,1,1,0,0,10.5,0
86,1.0,3,1,2,3,0,15.85,0
87,0.0,3,0,1,1,3,34.375,0
88,0.0,3,0,2,0,0,8.05,0
89,1.0,1,1,2,3,2,14.4542,0
90,0.0,3,0,2,0,0,8.05,0
91,0.0,3,0,2,0,0,8.05,0
92,0.0,3,0,2,0,0,7.8542,0
93,0.0,1,0,3,1,0,61.175,0
94,0.0,3,0,2,1,2,20.575,0
95,0.0,3,0,3,0,0,7.25,0
96,0.0,3,0,2,0,0,8.05,0
97,0.0,1,0,4,0,0,34.6542,1
98,1.0,1,0,2,0,1,63.3583,1
99,1.0,2,1,2,0,1,23.0,0
100,0.0,2,0,2,1,0,26.0,0
101,0.0,3,1,2,0,0,7.8958,0
102,0.0,3,0,2,0,0,7.8958,0
103,0.0,1,0,2,0,1,77.2875,0
104,0.0,3,0,2,0,0,8.6542,0
105,0.0,3,0,3,2,0,7.925,0
106,0.0,3,0,2,0,0,7.8958,0
107,1.0,3,1,2,0,0,7.65,0
108,1.0,3,0,2,0,0,7.775,0
109,0.0,3,0,3,0,0,7.8958,0
110,1.0,3,1,2,1,0,24.15,2
111,0.0,1,0,3,0,0,52.0,0
112,0.0,3,1,1,1,0,14.4542,1
113,0.0,3,0,2,0,0,8.05,0
114,0.0,3,1,2,1,0,9.825,0
115,0.0,3,1,1,0,0,14.4583,1
116,0.0,3,0,2,0,0,7.925,0
117,0.0,3,0,4,0,0,7.75,2
118,0.0,2,0,2,1,0,21.0,0
119,0.0,1,0,2,0,1,14.4542,1
120,0.0,3,1,0,4,2,31.275,0
121,0.0,2,0,2,2,0,73.5,0
122,0.0,3,0,2,0,0,8.05,0
123,0.0,2,0,2,1,0,30.0708,1
124,1.0,2,1,2,0,0,13.0,0
125,0.0,1,0,3,0,1,77.2875,0
126,1.0,3,0,0,1,0,11.2417,1
127,0.0,3,0,2,0,0,7.75,2
128,1.0,3,0,2,0,0,7.1417,0
129,1.0,3,1,2,1,1,22.3583,1
130,0.0,3,0,3,0,0,6.975,0
131,0.0,3,0,2,0,0,7.8958,1
132,0.0,3,0,2,0,0,7.05,0
133,0.0,3,1,3,1,0,14.5,0
134,1.0,2,1,2,1,0,26.0,0
135,0.0,2,0,2,0,0,13.0,0
136,0.0,2,0,2,0,0,15.0458,1
137,1.0,1,1,2,0,2,26.2833,0
138,0.0,1,0,3,1,0,53.1,0
139,0.0,3,0,1,0,0,9.2167,0
140,0.0,1,0,2,0,0,79.2,1
141,0.0,3,1,2,0,2,15.2458,1
142,1.0,3,1,2,0,0,7.75,0
143,1.0,3,1,2,1,0,15.85,0
144,0.0,3,0,2,0,0,6.75,2
145,0.0,2,0,1,0,0,11.5,0
146,0.0,2,0,2,1,1,36.75,0
147,1.0,3,0,2,0,0,7.7958,0
148,0.0,3,1,0,2,2,34.375,0
149,0.0,2,0,3,0,2,26.0,0
150,0.0,2,0,3,0,0,13.0,0
151,0.0,2,0,3,0,0,12.525,0
152,1.0,1,1,2,1,0,66.6,0
153,0.0,3,0,3,0,0,8.05,0
154,0.0,3,0,3,0,2,14.5,0
155,0.0,3,0,2,0,0,7.3125,0
156,0.0,1,0,3,0,1,61.3792,1
157,1.0,3,1,1,0,0,7.7333,2
158,0.0,3,0,2,0,0,8.05,0
159,0.0,3,0,2,0,0,8.6625,0
160,0.0,3,0,2,8,2,69.55,0
161,0.0,3,0,3,0,1,16.1,0
162,1.0,2,1,3,0,0,15.75,0
163,0.0,3,0,2,0,0,7.775,0
164,0.0,3,0,1,0,0,8.6625,0
165,0.0,3,0,0,4,1,39.6875,0
166,1.0,3,0,0,0,2,20.525,0
167,1.0,1,1,2,0,1,55.0,0
168,0.0,3,1,3,1,4,27.9,0
169,0.0,1,0,2,0,0,25.925,0
170,0.0,3,0,2,0,0,56.4958,0
171,0.0,1,0,4,0,0,33.5,0
172,0.0,3,0,0,4,1,29.125,2
173,1.0,3,1,0,1,1,11.1333,0
174,0.0,3,0,2,0,0,7.925,0
175,0.0,1,0,3,0,0,30.6958,1
176,0.0,3,0,1,1,1,7.8542,0
177,0.0,3,0,2,3,1,25.4667,0
178,0.0,1,1,3,0,0,28.7125,1
179,0.0,2,0,2,0,0,13.0,0
180,0.0,3,0,3,0,0,0.0,0
181,0.0,3,1,2,8,2,69.55,0
182,0.0,2,0,2,0,0,15.05,1
183,0.0,3,0,0,4,2,31.3875,0
184,1.0,2,0,0,2,1,39.0,0
185,1.0,3,1,0,0,2,22.025,0
186,0.0,1,0,2,0,0,50.0,0
187,1.0,3,1,2,1,0,15.5,2
188,1.0,1,0,3,0,0,26.55,0
189,0.0,3,0,3,1,1,15.5,2
190,0.0,3,0,3,0,0,7.8958,0
191,1.0,2,1,2,0,0,13.0,0
192,0.0,2,0,2,0,0,13.0,0
193,1.0,3,1,2,1,0,7.8542,0
194,1.0,2,0,0,1,1,26.0,0
195,1.0,1,1,3,0,0,27.7208,1
196,1.0,1,1,3,0,0,14.4542,1
197,0.0,3,0,2,0,0,7.75,2
198,0.0,3,0,3,0,1,8.4042,0
199,1.0,3,1,2,0,0,7.75,2
200,0.0,2,1,2,0,0,13.0,0
201,0.0,3,0,2,0,0,9.5,0
202,0.0,3,0,2,8,2,69.55,0
203,0.0,3,0,2,0,0,6.4958,0
204,0.0,3,0,3,0,0,7.225,1
205,1.0,3,0,1,0,0,8.05,0
206,0.0,3,1,0,0,1,10.4625,0
207,0.0,3,0,2,1,0,15.85,0
208,1.0,3,0,2,0,0,18.7875,1
209,1.0,3,1,1,0,0,7.75,2
210,1.0,1,0,3,0,0,31.0,1
211,0.0,3,0,2,0,0,7.05,0
212,1.0,2,1,2,0,0,21.0,0
213,0.0,3,0,2,0,0,7.25,0
214,0.0,2,0,2,0,0,13.0,0
215,0.0,3,0,2,1,0,7.75,2
216,1.0,1,1,2,1,0,113.275,1
217,1.0,3,1,2,0,0,7.925,0
218,0.0,2,0,3,1,0,27.0,0
219,1.0,1,1,2,0,0,76.2917,1
220,0.0,2,0,2,0,0,10.5,0
221,1.0,3,0,1,0,0,8.05,0
222,0.0,2,0,2,0,0,13.0,0
223,0.0,3,0,3,0,0,8.05,0
224,0.0,3,0,2,0,0,7.8958,0
225,1.0,1,0,3,1,0,90.0,0
226,0.0,3,0,2,0,0,9.35,0
227,1.0,2,0,2,0,0,10.5,0
228,0.0,3,0,2,0,0,7.25,0
229,0.0,2,0,1,0,0,13.0,0
230,0.0,3,1,2,3,1,25.4667,0
231,1.0,1,1,2,1,0,83.475,0
232,0.0,3,0,2,0,0,7.775,0
233,0.0,2,0,3,0,0,13.5,0
234,1.0,3,1,0,4,2,31.3875,0
235,0.0,2,0,2,0,0,10.5,0
236,0.0,3,1,2,0,0,7.55,0
237,0.0,2,0,3,1,0,26.0,0
238,1.0,2,1,0,0,2,26.25,0
239,0.0,2,0,2,0,0,10.5,0
240,0.0,2,0,2,0,0,12.275,0
241,0.0,3,1,2,1,0,14.4542,1
242,1.0,3,1,2,1,0,15.5,2
243,0.0,2,0,2,0,0,10.5,0
244,0.0,3,0,2,0,0,7.125,0
245,0.0,3,0,2,0,0,7.225,1
246,0.0,1,0,3,2,0,90.0,2
247,0.0,3,1,2,0,0,7.775,0
248,1.0,2,1,2,0,2,14.5,0
249,1.0,1,0,3,1,1,52.5542,0
250,0.0,2,0,3,1,0,26.0,0
251,0.0,3,0,2,0,0,7.25,0
252,0.0,3,1,2,1,1,10.4625,0
253,0.0,1,0,4,0,0,26.55,0
254,0.0,3,0,2,1,0,16.1,0
255,0.0,3,1,3,0,2,20.2125,0
256,1.0,3,1,2,0,2,15.2458,1
257,1.0,1,1,2,0,0,79.2,1
258,1.0,1,1,2,0,0,86.5,0
259,1.0,1,1,2,0,0,14.4542,1
260,1.0,2,1,3,0,1,26.0,0
261,0.0,3,0,2,0,0,7.75,2
262,1.0,3,0,0,4,2,31.3875,0
263,0.0,1,0,3,1,1,79.65,0
264,0.0,1,0,3,0,0,0.0,0
265,0.0,3,1,2,0,0,7.75,2
266,0.0,2,0,3,0,0,10.5,0
267,0.0,3,0,1,4,1,39.6875,0
268,1.0,3,0,2,1,0,7.775,0
269,1.0,1,1,3,0,1,14.4542,0
270,1.0,1,1,2,0,0,14.4542,0
271,0.0,1,0,2,0,0,31.0,0
272,1.0,3,0,2,0,0,0.0,0
273,1.0,2,1,3,0,1,19.5,0
274,0.0,1,0,3,0,1,29.7,1
275,1.0,3,1,2,0,0,7.75,2
276,1.0,1,1,4,1,0,77.9583,0
277,0.0,3,1,3,0,0,7.75,0
278,0.0,2,0,2,0,0,0.0,0
279,0.0,3,0,0,4,1,29.125,2
280,1.0,3,1,2,1,1,20.25,0
281,0.0,3,0,4,0,0,7.75,2
282,0.0,3,0,2,0,0,7.8542,0
283,0.0,3,0,1,0,0,9.5,0
284,1.0,3,0,2,0,0,8.05,0
285,0.0,1,0,2,0,0,26.0,0
286,0.0,3,0,2,0,0,8.6625,1
287,1.0,3,0,2,0,0,9.5,0
288,0.0,3,0,2,0,0,7.8958,0
289,1.0,2,0,3,0,0,13.0,0
290,1.0,3,1,2,0,0,7.75,2
291,1.0,1,1,2,0,0,78.85,0
292,1.0,1,1,2,1,0,91.0792,1
293,0.0,2,0,3,0,0,12.875,1
294,0.0,3,1,2,0,0,8.85,0
295,0.0,3,0,2,0,0,7.8958,0
296,0.0,1,0,2,0,0,27.7208,1
297,0.0,3,0,2,0,0,7.2292,1
298,0.0,1,1,0,1,2,14.4542,0
299,1.0,1,0,2,0,0,30.5,0
300,1.0,1,1,3,0,1,14.4542,1
301,1.0,3,1,2,0,0,7.75,2
302,1.0,3,0,2,2,0,23.25,2
303,0.0,3,0,2,0,0,0.0,0
304,1.0,2,1,2,0,0,12.35,2
305,0.0,3,0,2,0,0,8.05,0
306,1.0,1,0,0,1,2,14.4542,0
307,1.0,1,1,2,0,0,110.8833,1
308,1.0,1,1,1,1,0,108.9,1
309,0.0,2,0,2,1,0,24.0,1
310,1.0,1,1,2,0,0,56.9292,1
311,1.0,1,1,2,0,0,83.1583,1
312,1.0,1,1,1,2,2,14.4542,1
313,0.0,2,1,2,1,1,26.0,0
314,0.0,3,0,2,0,0,7.8958,0
315,0.0,2,0,3,1,1,26.25,0
316,1.0,3,1,2,0,0,7.8542,0
317,1.0,2,1,2,1,0,26.0,0
318,0.0,2,0,3,0,0,14.0,0
319,1.0,1,1,2,0,2,14.4542,0
320,1.0,1,1,3,1,1,14.4542,1
321,0.0,3,0,2,0,0,7.25,0
322,0.0,3,0,2,0,0,7.8958,0
323,1.0,2,1,2,0,0,12.35,2
324,1.0,2,1,2,1,1,29.0,0
325,0.0,3,0,2,8,2,69.55,0
326,1.0,1,1,3,0,0,14.4542,1
327,0.0,3,0,4,0,0,6.2375,0
328,1.0,2,1,3,0,0,13.0,0
329,1.0,3,1,2,1,1,20.525,0
330,1.0,1,1,1,0,1,57.9792,1
331,1.0,3,1,2,2,0,23.25,2
332,0.0,1,0,3,0,0,28.5,0
333,0.0,1,0,3,0,1,14.4542,0
334,0.0,3,0,1,2,0,18.0,0
335,1.0,1,1,2,1,0,133.65,0
336,0.0,3,0,2,0,0,7.8958,0
337,0.0,1,0,2,1,0,66.6,0
338,1.0,1,1,3,0,0,14.4542,1
339,1.0,3,0,3,0,0,8.05,0
340,0.0,1,0,3,0,0,35.5,0
341,1.0,2,0,0,1,1,26.0,0
342,1.0,1,1,2,3,2,14.4542,0
343,0.0,2,0,2,0,0,13.0,0
344,0.0,2,0,2,0,0,13.0,0
345,0.0,2,0,3,0,0,13.0,0
346,1.0,2,1,2,0,0,13.0,0
347,1.0,2,1,3,0,0,13.0,0
348,1.0,3,1,2,1,0,16.1,0
349,1.0,3,0,0,1,1,15.9,0
350,0.0,3,0,3,0,0,8.6625,0
351,0.0,3,0,2,0,0,9.225,0
352,0.0,1,0,2,0,0,35.0,0
353,0.0,3,0,1,1,1,7.2292,1
354,0.0,3,0,2,1,0,17.8,0
355,0.0,3,0,2,0,0,7.225,1
356,0.0,3,0,2,0,0,9.5,0
357,1.0,1,1,2,0,1,55.0,0
358,0.0,2,1,3,0,0,13.0,0
359,1.0,3,1,2,0,0,7.8792,2
360,1.0,3,1,2,0,0,7.8792,2
361,0.0,3,0,3,1,4,27.9,0
362,0.0,2,0,2,1,0,27.7208,1
363,0.0,3,1,3,0,1,14.4542,1
364,0.0,3,0,2,0,0,7.05,0
365,0.0,3,0,2,1,0,15.5,2
366,0.0,3,0,2,0,0,7.25,0
367,1.0,1,1,3,1,0,75.25,1
368,1.0,3,1,2,0,0,7.2292,1
369,1.0,3,1,2,0,0,7.75,2
370,1.0,1,1,2,0,0,69.3,1
371,1.0,1,0,2,1,0,55.4417,1
372,0.0,3,0,1,1,0,6.4958,0
373,0.0,3,0,2,0,0,8.05,0
374,0.0,1,0,2,0,0,14.4542,1
375,0.0,3,1,0,3,1,21.075,0
376,1.0,1,1,2,1,0,82.1708,1
377,1.0,3,1,2,0,0,7.25,0
378,0.0,1,0,2,0,2,14.4542,1
379,0.0,3,0,2,0,0,4.0125,1
380,0.0,3,0,2,0,0,7.775,0
381,1.0,1,1,3,0,0,14.4542,1
382,1.0,3,1,0,0,2,15.7417,1
383,0.0,3,0,2,0,0,7.925,0
384,1.0,1,1,2,1,0,52.0,0
385,0.0,3,0,2,0,0,7.8958,0
386,0.0,2,0,1,0,0,73.5,0
387,0.0,3,0,0,5,2,46.9,0
388,1.0,2,1,3,0,0,13.0,0
389,0.0,3,0,2,0,0,7.7292,2
390,1.0,2,1,1,0,0,12.0,1
391,1.0,1,0,3,1,2,120.0,0
392,1.0,3,0,2,0,0,7.7958,0
393,0.0,3,0,2,2,0,7.925,0
394,1.0,1,1,2,1,0,113.275,1
395,1.0,3,1,2,0,2,16.7,0
396,0.0,3,0,2,0,0,7.7958,0
397,0.0,3,1,2,0,0,7.8542,0
398,0.0,2,0,3,0,0,26.0,0
399,0.0,2,0,2,0,0,10.5,0
400,1.0,2,1,2,0,0,12.65,0
401,1.0,3,0,3,0,0,7.925,0
402,0.0,3,0,2,0,0,8.05,0
403,0.0,3,1,2,1,0,9.825,0
404,0.0,3,0,2,1,0,15.85,0
405,0.0,3,1,2,0,0,8.6625,0
406,0.0,2,0,2,1,0,21.0,0
407,0.0,3,0,3,0,0,7.75,0
408,1.0,2,0,0,1,1,18.75,0
409,0.0,3,0,2,0,0,7.775,0
410,0.0,3,1,2,3,1,25.4667,0
411,0.0,3,0,2,0,0,7.8958,0
412,0.0,3,0,2,0,0,6.8583,2
413,1.0,1,1,2,1,0,90.0,2
414,0.0,2,0,2,0,0,0.0,0
415,1.0,3,0,3,0,0,7.925,0
416,0.0,3,1,2,0,0,8.05,0
417,1.0,2,1,2,1,1,32.5,0
418,1.0,2,1,1,0,2,13.0,0
419,0.0,2,0,2,0,0,13.0,0
420,0.0,3,1,0,0,2,24.15,0
421,0.0,3,0,2,0,0,7.8958,1
422,0.0,3,0,2,0,0,7.7333,2
423,0.0,3,0,2,0,0,7.875,0
424,0.0,3,1,2,1,1,14.4,0
425,0.0,3,0,1,1,1,20.2125,0
426,0.0,3,0,2,0,0,7.25,0
427,1.0,2,1,2,1,0,26.0,0
428,1.0,2,1,2,0,0,26.0,0
429,0.0,3,0,2,0,0,7.75,2
430,1.0,3,0,2,0,0,8.05,0
431,1.0,1,0,2,0,0,26.55,0
432,1.0,3,1,2,1,0,16.1,0
433,1.0,2,1,3,1,0,26.0,0
434,0.0,3,0,1,0,0,7.125,0
435,0.0,1,0,3,1,0,55.9,0
436,1.0,1,1,1,1,2,120.0,0
437,0.0,3,1,2,2,2,34.375,0
438,1.0,2,1,2,2,3,18.75,0
439,0.0,1,0,4,1,4,14.4542,0
440,0.0,2,0,2,0,0,10.5,0
441,1.0,2,1,3,1,1,26.25,0
442,0.0,3,0,2,0,0,9.5,0
443,0.0,3,0,2,1,0,7.775,0
444,1.0,2,1,2,0,0,13.0,0
445,1.0,3,0,2,0,0,8.1125,0
446,1.0,1,0,0,0,2,81.8583,0
447,1.0,2,1,1,0,1,19.5,0
448,1.0,1,0,2,0,0,26.55,0
449,1.0,3,1,0,2,1,19.2583,1
450,1.0,1,0,3,0,0,30.5,0
451,0.0,2,0,3,1,2,27.75,0
452,0.0,3,0,2,1,0,19.9667,0
453,0.0,1,0,2,0,0,27.75,1
454,1.0,1,0,3,1,0,89.1042,1
455,0.0,3,0,2,0,0,8.05,0
456,1.0,3,0,2,0,0,7.8958,1
457,0.0,1,0,4,0,0,26.55,0
458,1.0,1,1,2,1,0,51.8625,0
459,1.0,2,1,3,0,0,10.5,0
460,0.0,3,0,2,0,0,7.75,2
461,1.0,1,0,3,0,0,26.55,0
462,0.0,3,0,2,0,0,8.05,0
463,0.0,1,0,3,0,0,38.5,0
464,0.0,2,0,3,0,0,13.0,0
465,0.0,3,0,2,0,0,8.05,0
466,0.0,3,0,3,0,0,7.05,0
467,0.0,2,0,2,0,0,0.0,0
468,0.0,1,0,3,0,0,26.55,0
469,0.0,3,0,2,0,0,7.725,2
470,1.0,3,1,0,2,1,19.2583,1
471,0.0,3,0,2,0,0,7.25,0
472,0.0,3,0,3,0,0,8.6625,0
473,1.0,2,1,2,1,2,27.75,0
474,1.0,2,1,2,0,0,13.7917,1
475,0.0,3,1,2,0,0,9.8375,0
476,0.0,1,0,2,0,0,52.0,0
477,0.0,2,0,2,1,0,21.0,0
478,0.0,3,0,2,1,0,7.0458,0
479,0.0,3,0,2,0,0,7.5208,0
480,1.0,3,1,0,0,1,12.2875,0
481,0.0,3,0,0,5,2,46.9,0
482,0.0,2,0,2,0,0,0.0,0
483,0.0,3,0,3,0,0,8.05,0
484,1.0,3,1,4,0,0,9.5875,0
485,1.0,1,0,2,1,0,91.0792,1
486,0.0,3,1,2,3,1,25.4667,0
487,1.0,1,1,2,1,0,90.0,0
488,0.0,1,0,3,0,0,29.7,1
489,0.0,3,0,2,0,0,8.05,0
490,1.0,3,0,0,1,1,15.9,0
491,0.0,3,0,2,1,0,19.9667,0
492,0.0,3,0,2,0,0,7.25,0
493,0.0,1,0,3,0,0,30.5,0
494,0.0,1,0,4,0,0,49.5042,1
495,0.0,3,0,2,0,0,8.05,0
496,0.0,3,0,2,0,0,14.4583,1
497,1.0,1,1,3,1,0,78.2667,1
498,0.0,3,0,2,0,0,15.1,0
499,0.0,1,1,2,1,2,14.4542,0
500,0.0,3,0,2,0,0,7.7958,0
501,0.0,3,0,1,0,0,8.6625,0
502,0.0,3,1,2,0,0,7.75,2
503,0.0,3,1,2,0,0,7.6292,2
504,0.0,3,1,3,0,0,9.5875,0
505,1.0,1,1,1,0,0,86.5,0
506,0.0,1,0,1,1,0,108.9,1
507,1.0,2,1,2,0,2,26.0,0
508,1.0,1,0,2,0,0,26.55,0
509,0.0,3,0,2,0,0,22.525,0
510,1.0,3,0,2,0,0,56.4958,0
511,1.0,3,0,2,0,0,7.75,2
512,0.0,3,0,2,0,0,8.05,0
513,1.0,1,0,3,0,0,26.2875,0
514,1.0,1,1,3,1,0,59.4,1
515,0.0,3,0,2,0,0,7.4958,0
516,0.0,1,0,3,0,0,34.0208,0
517,1.0,2,1,2,0,0,10.5,0
518,0.0,3,0,2,0,0,24.15,2
519,1.0,2,1,3,1,0,26.0,0
520,0.0,3,0,2,0,0,7.8958,0
521,1.0,1,1,2,0,0,93.5,0
522,0.0,3,0,2,0,0,7.8958,0
523,0.0,3,0,2,0,0,7.225,1
524,1.0,1,1,3,0,1,57.9792,1
525,0.0,3,0,2,0,0,7.2292,1
526,0.0,3,0,3,0,0,7.75,2
527,1.0,2,1,3,0,0,10.5,0
528,0.0,1,0,2,0,0,14.4542,0
529,0.0,3,0,3,0,0,7.925,0
530,0.0,2,0,2,2,1,11.5,0
531,1.0,2,1,0,1,1,26.0,0
532,0.0,3,0,2,0,0,7.2292,1
533,0.0,3,0,1,1,1,7.2292,1
534,1.0,3,1,2,0,2,22.3583,1
535,0.0,3,1,2,0,0,8.6625,0
536,1.0,2,1,0,0,2,26.25,0
537,0.0,1,0,3,0,0,26.55,0
538,1.0,1,1,2,0,0,106.425,1
539,0.0,3,0,2,0,0,14.5,0
540,1.0,1,1,2,0,2,49.5,1
541,1.0,1,1,3,0,2,71.0,0
542,0.0,3,1,0,4,2,31.275,0
543,0.0,3,1,0,4,2,31.275,0
544,1.0,2,0,2,1,0,26.0,0
545,0.0,1,0,3,1,0,106.425,1
546,0.0,1,0,4,0,0,26.0,0
547,1.0,2,1,2,1,0,26.0,0
548,1.0,2,0,2,0,0,13.8625,1
549,0.0,3,0,2,1,1,20.525,0
550,1.0,2,0,0,1,1,36.75,0
551,1.0,1,0,1,0,2,110.8833,1
552,0.0,2,0,2,0,0,26.0,0
553,0.0,3,0,2,0,0,7.8292,2
554,1.0,3,0,2,0,0,7.225,1
555,1.0,3,1,2,0,0,7.775,0
556,0.0,1,0,4,0,0,26.55,0
557,1.0,1,1,3,1,0,39.6,1
558,0.0,1,0,2,0,0,14.4542,1
559,1.0,1,1,3,1,1,79.65,0
560,1.0,3,1,3,1,0,17.4,0
561,0.0,3,0,2,0,0,7.75,2
562,0.0,3,0,3,0,0,7.8958,0
563,0.0,2,0,2,0,0,13.5,0
564,0.0,3,0,2,0,0,8.05,0
565,0.0,3,1,2,0,0,8.05,0
566,0.0,3,0,2,2,0,24.15,0
567,0.0,3,0,2,0,0,7.8958,0
568,0.0,3,1,2,0,4,21.075,0
569,0.0,3,0,2,0,0,7.2292,1
570,1.0,3,0,2,0,0,7.8542,0
571,1.0,2,0,4,0,0,10.5,0
572,1.0,1,1,3,2,0,51.4792,0
573,1.0,1,0,3,0,0,26.3875,0
574,1.0,3,1,2,0,0,7.75,2
575,0.0,3,0,1,0,0,8.05,0
576,0.0,3,0,2,0,0,14.5,0
577,1.0,2,1,2,0,0,13.0,0
578,1.0,1,1,3,1,0,55.9,0
579,0.0,3,1,2,1,0,14.4583,1
580,1.0,3,0,2,0,0,7.925,0
581,1.0,2,1,2,1,1,30.0,0
582,1.0,1,1,3,1,1,110.8833,1
583,0.0,2,0,3,0,0,26.0,0
584,0.0,1,0,3,0,0,40.125,1
585,0.0,3,0,2,0,0,8.7125,1
586,1.0,1,1,1,0,2,79.65,0
587,0.0,2,0,3,0,0,15.0,0
588,1.0,1,0,3,1,1,79.2,1
589,0.0,3,0,2,0,0,8.05,0
590,0.0,3,0,2,0,0,8.05,0
591,0.0,3,0,2,0,0,7.125,0
592,1.0,1,1,3,1,0,78.2667,1
593,0.0,3,0,3,0,0,7.25,0
594,0.0,3,1,2,0,2,7.75,2
595,0.0,2,0,3,1,0,26.0,0
596,0.0,3,0,3,1,1,24.15,0
597,1.0,2,1,2,0,0,33.0,0
598,0.0,3,0,3,0,0,0.0,0
599,0.0,3,0,2,0,0,7.225,1
600,1.0,1,0,3,1,0,56.9292,1
601,1.0,2,1,2,2,1,27.0,0
602,0.0,3,0,2,0,0,7.8958,0
603,0.0,1,0,2,0,0,42.4,0
604,0.0,3,0,3,0,0,8.05,0
605,1.0,1,0,2,0,0,26.55,1
606,0.0,3,0,3,1,0,15.55,0
607,0.0,3,0,2,0,0,7.8958,0
608,1.0,1,0,2,0,0,30.5,0
609,1.0,2,1,2,1,2,41.5792,1
610,1.0,1,1,3,0,0,14.4542,0
611,0.0,3,1,3,1,5,31.275,0
612,0.0,3,0,2,0,0,7.05,0
613,1.0,3,1,2,1,0,15.5,2
614,0.0,3,0,2,0,0,7.75,2
615,0.0,3,0,2,0,0,8.05,0
616,1.0,2,1,2,1,2,65.0,0
617,0.0,3,0,2,1,1,14.4,0
618,0.0,3,1,2,1,0,16.1,0
619,1.0,2,1,0,2,1,39.0,0
620,0.0,2,0,2,0,0,10.5,0
621,0.0,3,0,2,1,0,14.4542,1
622,1.0,1,0,3,1,0,52.5542,0
623,1.0,3,0,2,1,1,15.7417,1
624,0.0,3,0,2,0,0,7.8542,0
625,0.0,3,0,2,0,0,16.1,0
626,0.0,1,0,4,0,0,32.3208,0
627,0.0,2,0,3,0,0,12.35,2
628,1.0,1,1,2,0,0,77.9583,0
629,0.0,3,0,2,0,0,7.8958,0
630,0.0,3,0,2,0,0,7.7333,2
631,1.0,1,0,4,0,0,30.0,0
632,0.0,3,0,3,0,0,7.0542,0
633,1.0,1,0,2,0,0,30.5,1
634,0.0,1,0,2,0,0,0.0,0
635,0.0,3,1,0,3,2,27.9,0
636,1.0,2,1,2,0,0,13.0,0
637,0.0,3,0,2,0,0,7.925,0
638,0.0,2,0,2,1,1,26.25,0
639,0.0,3,1,3,0,5,39.6875,0
640,0.0,3,0,2,1,0,16.1,0
641,0.0,3,0,2,0,0,7.8542,0
642,1.0,1,1,2,0,0,69.3,1
643,0.0,3,1,0,3,2,27.9,0
644,1.0,3,0,2,0,0,56.4958,0
645,1.0,3,1,0,2,1,19.2583,1
646,1.0,1,0,3,1,0,76.7292,1
647,0.0,3,0,2,0,0,7.8958,0
648,1.0,1,0,3,0,0,35.5,1
649,0.0,3,0,2,0,0,7.55,0
650,1.0,3,1,2,0,0,7.55,0
651,0.0,3,0,2,0,0,7.8958,0
652,1.0,2,1,1,0,1,23.0,0
653,0.0,3,0,2,0,0,8.4333,0
654,1.0,3,1,2,0,0,7.8292,2
655,0.0,3,1,1,0,0,6.75,2
656,0.0,2,0,2,2,0,73.5,0
657,0.0,3,0,2,0,0,7.8958,0
658,0.0,3,1,2,1,1,15.5,2
659,0.0,2,0,2,0,0,13.0,0
660,0.0,1,0,3,0,2,113.275,1
661,1.0,1,0,3,2,0,133.65,0
662,0.0,3,0,3,0,0,7.225,1
663,0.0,1,0,3,0,0,25.5875,0
664,0.0,3,0,3,0,0,7.4958,0
665,1.0,3,0,2,1,0,7.925,0
666,0.0,2,0,2,2,0,73.5,0
667,0.0,2,0,2,0,0,13.0,0
668,0.0,3,0,2,0,0,7.775,0
669,0.0,3,0,3,0,0,8.05,0
670,1.0,1,1,2,1,0,52.0,0
671,1.0,2,1,3,1,1,39.0,0
672,0.0,1,0,2,1,0,52.0,0
673,0.0,2,0,4,0,0,10.5,0
674,1.0,2,0,2,0,0,13.0,0
675,0.0,2,0,2,0,0,0.0,0
676,0.0,3,0,1,0,0,7.775,0
677,0.0,3,0,2,0,0,8.05,0
678,1.0,3,1,1,0,0,9.8417,0
679,0.0,3,1,3,1,6,46.9,0
680,1.0,1,0,3,0,1,14.4542,1
681,0.0,3,1,2,0,0,8.1375,2
682,1.0,1,0,2,0,0,76.7292,1
683,0.0,3,0,2,0,0,9.225,0
684,0.0,3,0,1,5,2,46.9,0
685,0.0,2,0,3,1,1,39.0,0
686,0.0,2,0,2,1,2,41.5792,1
687,0.0,3,0,1,4,1,39.6875,0
688,0.0,3,0,2,0,0,10.1708,0
689,0.0,3,0,1,0,0,7.7958,0
690,1.0,1,1,1,0,1,14.4542,0
691,1.0,1,0,2,1,0,57.0,0
692,1.0,3,1,0,0,1,13.4167,1
693,1.0,3,0,2,0,0,56.4958,0
694,0.0,3,0,2,0,0,7.225,1
695,0.0,1,0,3,0,0,26.55,0
696,0.0,2,0,3,0,0,13.5,0
697,0.0,3,0,3,0,0,8.05,0
698,1.0,3,1,2,0,0,7.7333,2
699,0.0,1,0,3,1,1,110.8833,1
700,0.0,3,0,3,0,0,7.65,0
701,1.0,1,1,1,1,0,14.4542,1
702,1.0,1,0,2,0,0,26.2875,0
703,0.0,3,1,1,0,1,14.4542,1
704,0.0,3,0,2,0,0,7.7417,2
705,0.0,3,0,2,1,0,7.8542,0
706,0.0,2,0,3,0,0,26.0,0
707,1.0,2,1,3,0,0,13.5,0
708,1.0,1,0,3,0,0,26.2875,0
709,1.0,1,1,2,0,0,14.4542,0
710,1.0,3,0,2,1,1,15.2458,1
711,1.0,1,1,2,0,0,49.5042,1
712,0.0,1,0,2,0,0,26.55,0
713,1.0,1,0,3,1,0,52.0,0
714,0.0,3,0,2,0,0,9.4833,0
715,0.0,2,0,3,0,0,13.0,0
716,0.0,3,0,2,0,0,7.65,0
717,1.0,1,1,3,0,0,14.4542,1
718,1.0,2,1,2,0,0,10.5,0
719,0.0,3,0,2,0,0,15.5,2
720,0.0,3,0,2,0,0,7.775,0
721,1.0,2,1,0,0,1,33.0,0
722,0.0,3,0,1,1,0,7.0542,0
723,0.0,2,0,2,0,0,13.0,0
724,0.0,2,0,3,0,0,13.0,0
725,1.0,1,0,2,1,0,53.1,0
726,0.0,3,0,2,0,0,8.6625,0
727,1.0,2,1,2,3,0,21.0,0
728,1.0,3,1,2,0,0,7.7375,2
729,0.0,2,0,2,1,0,26.0,0
730,0.0,3,1,2,1,0,7.925,0
731,1.0,1,1,2,0,0,14.4542,0
732,0.0,3,0,0,0,0,18.7875,1
733,0.0,2,0,2,0,0,0.0,0
734,0.0,2,0,2,0,0,13.0,0
735,0.0,2,0,2,0,0,13.0,0
736,0.0,3,0,2,0,0,16.1,0
737,0.0,3,1,3,1,3,34.375,0
738,1.0,1,0,2,0,0,14.4542,1
739,0.0,3,0,2,0,0,7.8958,0
740,0.0,3,0,2,0,0,7.8958,0
741,1.0,1,0,2,0,0,30.0,0
742,0.0,1,0,3,1,0,78.85,0
743,1.0,1,1,2,2,2,14.4542,1
744,0.0,3,0,2,1,0,16.1,0
745,1.0,3,0,2,0,0,7.925,0
746,0.0,1,0,4,1,1,71.0,0
747,0.0,3,0,1,1,1,20.25,0
748,1.0,2,1,2,0,0,13.0,0
749,0.0,1,0,2,1,0,53.1,0
750,0.0,3,0,2,0,0,7.75,2
751,1.0,2,1,0,1,1,23.0,0
752,1.0,3,0,0,0,1,12.475,0
753,0.0,3,0,2,0,0,9.5,0
754,0.0,3,0,2,0,0,7.8958,0
755,1.0,2,1,3,1,2,65.0,0
756,1.0,2,0,0,1,1,14.5,0
757,0.0,3,0,2,0,0,7.7958,0
758,0.0,2,0,1,0,0,11.5,0
759,0.0,3,0,2,0,0,8.05,0
760,1.0,1,1,2,0,0,86.5,0
761,0.0,3,0,2,0,0,14.5,0
762,0.0,3,0,3,0,0,7.125,0
763,1.0,3,0,2,0,0,7.2292,1
764,1.0,1,1,3,1,2,120.0,0
765,0.0,3,0,1,0,0,7.775,0
766,1.0,1,1,3,1,0,77.9583,0
767,0.0,1,0,2,0,0,39.6,1
768,0.0,3,1,2,0,0,7.75,2
769,0.0,3,0,2,1,0,24.15,2
770,0.0,3,0,2,0,0,8.3625,0
771,0.0,3,0,2,0,0,9.5,0
772,0.0,3,0,3,0,0,7.8542,0
773,0.0,2,1,3,0,0,10.5,0
774,0.0,3,0,2,0,0,7.225,1
775,1.0,2,1,3,1,3,23.0,0
776,0.0,3,0,1,0,0,7.75,0
777,0.0,3,0,2,0,0,7.75,2
778,1.0,3,1,0,0,0,12.475,0
779,0.0,3,0,2,0,0,7.7375,2
780,1.0,1,1,3,0,1,14.4542,0
781,1.0,3,1,1,0,0,7.2292,1
782,1.0,1,1,1,1,0,57.0,0
783,0.0,1,0,2,0,0,30.0,0
784,0.0,3,0,2,1,2,23.45,0
785,0.0,3,0,2,0,0,7.05,0
786,0.0,3,0,2,0,0,7.25,0
787,1.0,3,1,1,0,0,7.4958,0
788,0.0,3,0,0,4,1,29.125,2
789,1.0,3,0,0,1,2,20.575,0
790,0.0,1,0,3,0,0,79.2,1
791,0.0,3,0,2,0,0,7.75,2
792,0.0,2,0,1,0,0,26.0,0
793,0.0,3,1,2,8,2,69.55,0
794,0.0,1,0,2,0,0,30.6958,1
795,0.0,3,0,2,0,0,7.8958,0
796,0.0,2,0,3,0,0,13.0,0
797,1.0,1,1,3,0,0,25.9292,0
798,1.0,3,1,2,0,0,8.6833,0
799,0.0,3,0,2,0,0,7.2292,1
800,0.0,3,1,2,1,1,24.15,0
801,0.0,2,0,2,0,0,13.0,0
802,1.0,2,1,2,1,1,26.25,0
803,1.0,1,0,0,1,2,120.0,0
804,1.0,3,0,0,0,1,8.5167,1
805,1.0,3,0,2,0,0,6.975,0
806,0.0,3,0,2,0,0,7.775,0
807,0.0,1,0,3,0,0,0.0,0
808,0.0,3,1,1,0,0,7.775,0
809,0.0,2,0,3,0,0,13.0,0
810,1.0,1,1,2,1,0,53.1,0
811,0.0,3,0,2,0,0,7.8875,0
812,0.0,3,0,3,0,0,24.15,0
813,0.0,2,0,2,0,0,10.5,0
814,0.0,3,1,0,4,2,31.275,0
815,0.0,3,0,2,0,0,8.05,0
816,0.0,1,0,2,0,0,0.0,0
817,0.0,3,1,2,0,0,7.925,0
818,0.0,2,0,2,1,1,37.0042,1
819,0.0,3,0,3,0,0,6.45,0
820,0.0,3,0,0,3,2,27.9,0
821,1.0,1,1,3,1,1,93.5,0
822,1.0,3,0,2,0,0,8.6625,0
823,0.0,1,0,3,0,0,0.0,0
824,1.0,3,1,2,0,1,12.475,0
825,0.0,3,0,0,4,1,39.6875,0
826,0.0,3,0,2,0,0,6.95,2
827,0.0,3,0,2,0,0,56.4958,0
828,1.0,2,0,0,0,2,37.0042,1
829,1.0,3,0,2,0,0,7.75,2
830,1.0,1,1,4,0,0,80.0,0
831,1.0,3,1,1,1,0,14.4542,1
832,1.0,2,0,0,1,1,18.75,0
833,0.0,3,0,2,0,0,7.2292,1
834,0.0,3,0,2,0,0,7.8542,0
835,0.0,3,0,1,0,0,8.3,0
836,1.0,1,1,3,1,1,83.1583,1
837,0.0,3,0,2,0,0,8.6625,0
838,0.0,3,0,2,0,0,8.05,0
839,1.0,3,0,2,0,0,56.4958,0
840,1.0,1,0,2,0,0,29.7,1
841,0.0,3,0,2,0,0,7.925,0
842,0.0,2,0,1,0,0,10.5,0
843,1.0,1,1,2,0,0,31.0,1
844,0.0,3,0,2,0,0,6.4375,1
845,0.0,3,0,1,0,0,8.6625,0
846,0.0,3,0,3,0,0,7.55,0
847,0.0,3,0,2,8,2,69.55,0
848,0.0,3,0,2,0,0,7.8958,1
849,0.0,2,0,2,0,1,33.0,0
850,1.0,1,1,2,1,0,89.1042,1
851,0.0,3,0,0,4,2,31.275,0
852,0.0,3,0,4,0,0,7.775,0
853,0.0,3,1,0,1,1,15.2458,1
854,1.0,1,1,1,0,1,39.4,0
855,0.0,2,1,3,1,0,26.0,0
856,1.0,3,1,1,0,1,9.35,0
857,1.0,1,1,3,1,1,14.4542,0
858,1.0,1,0,3,0,0,26.55,0
859,1.0,3,1,2,0,3,19.2583,1
860,0.0,3,0,2,0,0,7.2292,1
861,0.0,3,0,3,2,0,14.1083,0
862,0.0,2,0,2,1,0,11.5,0
863,1.0,1,1,3,0,0,25.9292,0
864,0.0,3,1,2,8,2,69.55,0
865,0.0,2,0,2,0,0,13.0,0
866,1.0,2,1,3,0,0,13.0,0
867,1.0,2,1,2,1,0,13.8583,1
868,0.0,1,0,2,0,0,50.4958,0
869,0.0,3,0,2,0,0,9.5,0
870,1.0,3,0,0,1,1,11.1333,0
871,0.0,3,0,2,0,0,7.8958,0
872,1.0,1,1,3,1,1,52.5542,0
873,0.0,1,0,2,0,0,5.0,0
874,0.0,3,0,3,0,0,9.0,0
875,1.0,2,1,2,1,0,24.0,1
876,1.0,3,1,1,0,0,7.225,1
877,0.0,3,0,2,0,0,9.8458,0
878,0.0,3,0,2,0,0,7.8958,0
879,0.0,3,0,2,0,0,7.8958,0
880,1.0,1,1,3,0,1,83.1583,1
881,1.0,2,1,2,0,1,26.0,0
882,0.0,3,0,2,0,0,7.8958,0
883,0.0,3,1,2,0,0,10.5167,0
884,0.0,2,0,2,0,0,10.5,0
885,0.0,3,0,2,0,0,7.05,0
886,0.0,3,1,3,0,5,29.125,2
887,0.0,2,0,2,0,0,13.0,0
888,1.0,1,1,2,0,0,30.0,0
889,0.0,3,1,2,1,2,23.45,0
890,1.0,1,0,2,0,0,30.0,1
891,0.0,3,0,2,0,0,7.75,2
892,,3,0,2,0,0,7.8292,2
893,,3,1,3,1,0,7.0,0
894,,2,0,4,0,0,9.6875,2
895,,3,0,2,0,0,8.6625,0
896,,3,1,2,1,1,12.2875,0
897,,3,0,1,0,0,9.225,0
898,,3,1,2,0,0,7.6292,2
899,,2,0,2,1,1,29.0,0
900,,3,1,1,0,0,7.2292,1
901,,3,0,2,2,0,24.15,0
902,,3,0,2,0,0,7.8958,0
903,,1,0,3,0,0,26.0,0
904,,1,1,2,1,0,82.2667,0
905,,2,0,4,1,0,26.0,0
906,,1,1,3,1,0,61.175,0
907,,2,1,2,1,0,27.7208,1
908,,2,0,2,0,0,12.35,2
909,,3,0,2,0,0,7.225,1
910,,3,1,2,1,0,7.925,0
911,,3,1,3,0,0,7.225,1
912,,1,0,3,1,0,59.4,1
913,,3,0,0,0,1,3.1708,0
914,,1,1,2,0,0,31.6833,0
915,,1,0,2,0,1,61.3792,1
916,,1,1,3,1,3,14.4542,1
917,,3,0,3,1,0,14.5,0
918,,1,1,2,0,1,61.9792,1
919,,3,0,2,0,0,7.225,1
920,,1,0,3,0,0,30.5,0
921,,3,0,2,2,0,21.6792,1
922,,2,0,3,1,0,26.0,0
923,,2,0,2,2,0,31.5,0
924,,3,1,2,1,2,20.575,0
925,,3,1,2,1,2,23.45,0
926,,1,0,2,1,0,57.75,1
927,,3,0,2,0,0,7.2292,1
928,,3,1,2,0,0,8.05,0
929,,3,1,2,0,0,8.6625,0
930,,3,0,2,0,0,9.5,0
931,,3,0,2,0,0,56.4958,0
932,,3,0,3,0,1,13.4167,1
933,,1,0,2,0,0,26.55,0
934,,3,0,3,0,0,7.85,0
935,,2,1,2,0,0,13.0,0
936,,1,1,3,1,0,52.5542,0
937,,3,0,2,0,0,7.925,0
938,,1,0,3,0,0,29.7,1
939,,3,0,2,0,0,7.75,2
940,,1,1,3,0,0,76.2917,1
941,,3,1,3,0,2,15.9,0
942,,1,0,2,1,0,60.0,0
943,,2,0,2,0,0,15.0333,1
944,,2,1,2,2,1,23.0,0
945,,1,1,2,3,2,14.4542,0
946,,2,0,2,0,0,15.5792,1
947,,3,0,0,4,1,29.125,2
948,,3,0,2,0,0,7.8958,0
949,,3,0,2,0,0,7.65,0
950,,3,0,2,1,0,16.1,0
951,,1,1,3,0,0,14.4542,1
952,,3,0,1,0,0,7.8958,0
953,,2,0,2,0,0,13.5,0
954,,3,0,1,0,0,7.75,0
955,,3,1,2,0,0,7.725,2
956,,1,0,1,2,2,14.4542,1
957,,2,1,2,0,0,21.0,0
958,,3,1,1,0,0,7.8792,2
959,,1,0,3,0,0,42.4,0
960,,1,0,2,0,0,28.5375,1
961,,1,1,3,1,4,14.4542,0
962,,3,1,2,0,0,7.75,2
963,,3,0,2,0,0,7.8958,0
964,,3,1,2,0,0,7.925,0
965,,1,0,2,0,0,27.7208,1
966,,1,1,2,0,0,14.4542,1
967,,1,0,2,0,0,14.4542,1
968,,3,0,2,0,0,8.05,0
969,,1,1,3,2,0,25.7,0
970,,2,0,2,0,0,13.0,0
971,,3,1,2,0,0,7.75,2
972,,3,0,0,1,1,15.2458,1
973,,1,0,4,1,0,14.4542,0
974,,1,0,3,0,0,26.0,0
975,,3,0,2,0,0,7.8958,0
976,,2,0,2,0,0,10.7083,2
977,,3,0,2,1,0,14.4542,1
978,,3,1,2,0,0,7.8792,2
979,,3,1,1,0,0,8.05,0
980,,3,1,2,0,0,7.75,2
981,,2,0,0,1,1,23.0,0
982,,3,1,2,1,0,13.9,0
983,,3,0,2,0,0,7.775,0
984,,1,1,2,1,2,52.0,0
985,,3,0,2,0,0,8.05,0
986,,1,0,2,0,0,26.0,1
987,,3,0,2,0,0,7.7958,0
988,,1,1,4,1,0,78.85,0
989,,3,0,2,0,0,7.925,0
990,,3,1,2,0,0,7.8542,0
991,,3,0,2,0,0,8.05,0
992,,1,1,3,1,0,55.4417,1
993,,2,0,2,1,0,26.0,0
994,,3,0,2,0,0,7.75,2
995,,3,0,2,0,0,7.775,0
996,,3,1,1,1,1,8.5167,1
997,,3,0,2,0,0,22.525,0
998,,3,0,2,0,0,7.8208,2
999,,3,0,2,0,0,7.75,2
1000,,3,0,2,0,0,8.7125,0
1001,,2,0,2,0,0,13.0,0
1002,,2,0,3,0,0,15.0458,1
1003,,3,1,2,0,0,7.7792,2
1004,,1,1,3,0,0,31.6792,1
1005,,3,1,2,0,0,7.2833,2
1006,,1,1,4,1,0,14.4542,0
1007,,3,0,1,1,0,14.4542,1
1008,,3,0,2,0,0,6.4375,1
1009,,3,1,0,1,1,16.7,0
1010,,1,0,3,0,0,75.2417,1
1011,,2,1,2,1,0,26.0,0
1012,,2,1,0,0,0,15.75,0
1013,,3,0,2,1,0,7.75,2
1014,,1,1,2,1,0,57.75,1
1015,,3,0,2,0,0,7.25,0
1016,,3,0,2,0,0,7.75,2
1017,,3,1,1,0,1,16.1,0
1018,,3,0,2,0,0,7.7958,0
1019,,3,1,2,2,0,23.25,2
1020,,2,0,3,0,0,13.0,0
1021,,3,0,2,0,0,8.05,0
1022,,3,0,2,0,0,8.05,0
1023,,1,0,3,0,0,28.5,1
1024,,3,1,2,0,4,25.4667,0
1025,,3,0,2,1,0,6.4375,1
1026,,3,0,3,0,0,7.8958,0
1027,,3,0,2,0,0,7.8542,0
1028,,3,0,2,0,0,7.225,1
1029,,2,0,2,0,0,13.0,0
1030,,3,1,2,0,0,8.05,0
1031,,3,0,3,1,6,46.9,0
1032,,3,1,0,5,2,46.9,0
1033,,1,1,2,0,0,14.4542,0
1034,,1,0,4,1,3,14.4542,1
1035,,2,0,2,0,0,26.0,0
1036,,1,0,3,0,0,26.55,0
1037,,3,0,2,3,0,18.0,0
1038,,1,0,2,0,0,51.8625,0
1039,,3,0,2,0,0,8.05,0
1040,,1,0,2,0,0,26.55,0
1041,,2,0,2,1,1,26.0,0
1042,,1,1,2,0,1,83.1583,1
1043,,3,0,2,0,0,7.8958,1
1044,,3,0,4,0,0,14.4542,0
1045,,3,1,3,0,2,12.1833,0
1046,,3,0,1,4,2,31.3875,0
1047,,3,0,2,0,0,7.55,0
1048,,1,1,2,0,0,14.4542,0
1049,,3,1,2,0,0,7.8542,0
1050,,1,0,3,0,0,26.55,0
1051,,3,1,2,0,2,13.775,0
1052,,3,1,2,0,0,7.7333,2
1053,,3,0,0,1,1,15.2458,1
1054,,2,1,2,0,0,13.5,0
1055,,3,0,2,0,0,7.0,0
1056,,2,0,3,0,0,13.0,0
1057,,3,1,2,1,1,22.025,0
1058,,1,0,3,0,0,50.4958,1
1059,,3,0,1,2,2,34.375,0
1060,,1,1,2,0,0,27.7208,1
1061,,3,1,2,0,0,8.9625,0
1062,,3,0,2,0,0,7.55,0
1063,,3,0,2,0,0,7.225,1
1064,,3,0,2,1,0,13.9,0
1065,,3,0,2,0,0,7.2292,1
1066,,3,0,3,1,5,31.3875,0
1067,,2,1,1,0,2,39.0,0
1068,,2,1,2,0,0,36.75,0
1069,,1,0,3,1,0,55.4417,1
1070,,2,1,3,0,3,39.0,0
1071,,1,1,4,0,2,83.1583,1
1072,,2,0,2,0,0,13.0,0
1073,,1,0,3,1,1,83.1583,1
1074,,1,1,1,1,0,53.1,0
1075,,3,0,2,0,0,7.75,2
1076,,1,1,2,1,1,14.4542,1
1077,,2,0,3,0,0,16.0,0
1078,,2,1,2,0,1,21.0,0
1079,,3,0,1,2,0,8.05,0
1080,,3,1,2,8,2,69.55,0
1081,,2,0,3,0,0,13.0,0
1082,,2,0,2,1,0,26.0,0
1083,,1,0,2,0,0,26.0,0
1084,,3,0,0,1,1,14.5,0
1085,,2,0,4,0,0,12.35,2
1086,,2,0,0,0,2,32.5,0
1087,,3,0,2,0,0,7.8542,0
1088,,1,0,0,0,2,14.4542,1
1089,,3,1,1,0,0,7.775,0
1090,,2,0,2,0,0,10.5,0
1091,,3,1,2,0,0,8.1125,0
1092,,3,1,2,0,0,15.5,2
1093,,3,0,0,0,2,14.4,0
1094,,1,0,3,1,0,14.4542,1
1095,,2,1,0,1,1,26.0,0
1096,,2,0,2,0,0,10.5,0
1097,,1,0,2,0,0,25.7417,1
1098,,3,1,2,0,0,7.75,2
1099,,2,0,2,0,0,10.5,0
1100,,1,1,2,0,0,27.7208,1
1101,,3,0,2,0,0,7.8958,0
1102,,3,0,2,0,0,22.525,0
1103,,3,0,2,0,0,7.05,0
1104,,2,0,1,0,0,73.5,0
1105,,2,1,3,1,0,26.0,0
1106,,3,1,3,4,2,7.775,0
1107,,1,0,3,0,0,42.5,0
1108,,3,1,2,0,0,7.8792,2
1109,,1,0,3,1,1,14.4542,0
1110,,1,1,3,1,1,14.4542,1
1111,,3,0,2,0,0,8.05,0
1112,,2,1,2,1,0,13.8583,1
1113,,3,0,2,0,0,8.05,0
1114,,2,1,2,0,0,10.5,0
1115,,3,0,2,0,0,7.7958,0
1116,,1,1,3,0,0,27.4458,1
1117,,3,1,2,0,2,15.2458,1
1118,,3,0,2,0,0,7.7958,0
1119,,3,1,2,0,0,7.75,2
1120,,3,0,3,0,0,15.1,0
1121,,2,0,3,0,0,13.0,0
1122,,2,0,1,0,0,65.0,0
1123,,1,1,2,0,0,26.55,0
1124,,3,0,2,1,0,6.4958,0
1125,,3,0,2,0,0,7.8792,2
1126,,1,0,3,1,0,71.2833,1
1127,,3,0,2,0,0,7.8542,0
1128,,1,0,4,1,0,75.25,1
1129,,3,0,2,0,0,7.225,1
1130,,2,1,1,1,1,13.0,0
1131,,1,1,3,1,0,106.425,1
1132,,1,1,3,0,0,27.7208,1
1133,,2,1,3,0,2,30.0,0
1134,,1,0,3,1,1,14.4542,1
1135,,3,0,2,0,0,7.8875,0
1136,,3,0,2,1,2,23.45,0
1137,,1,0,3,1,0,51.8625,0
1138,,2,1,2,0,0,21.0,0
1139,,2,0,3,1,1,32.5,0
1140,,2,1,2,1,0,26.0,0
1141,,3,1,2,1,0,14.4542,1
1142,,2,1,0,1,2,27.75,0
1143,,3,0,2,0,0,7.925,0
1144,,1,0,2,1,0,14.4542,1
1145,,3,0,2,0,0,9.325,0
1146,,3,0,2,0,0,9.5,0
1147,,3,0,2,0,0,7.55,0
1148,,3,0,2,0,0,7.75,2
1149,,3,0,2,0,0,8.05,0
1150,,2,1,2,0,0,13.0,0
1151,,3,0,2,0,0,7.775,0
1152,,3,0,3,1,0,17.4,0
1153,,3,0,2,0,0,7.8542,0
1154,,2,1,2,0,2,23.0,0
1155,,3,1,0,1,1,12.1833,0
1156,,2,0,2,0,0,12.7375,1
1157,,3,0,2,0,0,7.8958,0
1158,,1,0,2,0,0,0.0,0
1159,,3,0,2,0,0,7.55,0
1160,,3,1,2,0,0,8.05,0
1161,,3,0,1,0,0,8.6625,0
1162,,1,0,3,0,0,75.2417,1
1163,,3,0,2,0,0,7.75,2
1164,,1,1,2,1,0,14.4542,1
1165,,3,1,2,1,0,15.5,2
1166,,3,0,2,0,0,7.225,1
1167,,2,1,2,1,0,26.0,0
1168,,2,0,2,0,0,10.5,0
1169,,2,0,3,1,0,26.0,0
1170,,2,0,2,1,0,21.0,0
1171,,2,0,2,0,0,10.5,0
1172,,3,1,2,0,0,8.6625,0
1173,,3,0,0,1,1,13.775,0
1174,,3,1,2,0,0,7.75,2
1175,,3,1,0,1,1,15.2458,1
1176,,3,1,0,1,1,20.2125,0
1177,,3,0,3,0,0,7.25,0
1178,,3,0,2,0,0,7.25,0
1179,,1,0,2,1,0,82.2667,0
1180,,3,0,2,0,0,7.2292,1
1181,,3,0,2,0,0,8.05,0
1182,,1,0,2,0,0,39.6,0
1183,,3,1,2,0,0,6.95,2
1184,,3,0,2,0,0,7.2292,1
1185,,1,0,3,1,1,81.8583,0
1186,,3,0,3,0,0,9.5,0
1187,,3,0,2,0,0,7.8958,0
1188,,2,1,0,1,2,41.5792,1
1189,,3,0,2,2,0,21.6792,1
1190,,1,0,2,0,0,45.5,0
1191,,3,0,2,0,0,7.8542,0
1192,,3,0,2,0,0,7.775,0
1193,,2,0,2,0,0,15.0458,1
1194,,2,0,3,0,1,21.0,0
1195,,3,0,2,0,0,8.6625,0
1196,,3,1,2,0,0,7.75,2
1197,,1,1,4,1,1,26.55,0
1198,,1,0,2,1,2,14.4542,0
1199,,3,0,0,0,1,9.35,0
1200,,1,0,3,1,1,93.5,0
1201,,3,1,3,1,0,14.1083,0
1202,,3,0,1,0,0,8.6625,0
1203,,3,0,2,0,0,7.225,1
1204,,3,0,2,0,0,7.575,0
1205,,3,1,3,0,0,7.75,2
1206,,1,1,3,0,0,14.4542,1
1207,,3,1,1,0,0,7.7333,2
1208,,1,0,3,1,0,14.4542,1
1209,,2,0,2,0,0,10.5,0
1210,,3,0,2,0,0,7.8542,0
1211,,2,0,2,2,0,31.5,0
1212,,3,0,2,0,0,7.775,0
1213,,3,0,2,0,0,7.2292,1
1214,,2,0,2,0,0,13.0,0
1215,,1,0,2,0,0,26.55,0
1216,,1,1,3,0,0,14.4542,0
1217,,3,0,2,0,0,7.05,0
1218,,2,1,0,2,1,39.0,0
1219,,1,0,3,0,0,79.2,1
1220,,2,0,2,1,0,26.0,0
1221,,2,0,2,0,0,13.0,0
1222,,2,1,3,0,2,36.75,0
1223,,1,0,3,0,0,29.7,1
1224,,3,0,2,0,0,7.225,1
1225,,3,1,2,1,1,15.7417,1
1226,,3,0,2,0,0,7.8958,0
1227,,1,0,2,0,0,26.0,0
1228,,2,0,2,0,0,13.0,0
1229,,3,0,3,0,2,7.2292,1
1230,,2,0,2,0,0,31.5,0
1231,,3,0,2,0,0,7.2292,1
1232,,2,0,1,0,0,10.5,0
1233,,3,0,2,0,0,7.5792,0
1234,,3,0,2,1,9,69.55,0
1235,,1,1,3,0,1,14.4542,1
1236,,3,0,2,1,1,14.5,0
1237,,3,1,1,0,0,7.65,0
1238,,2,0,2,0,0,13.0,0
1239,,3,1,3,0,0,7.2292,1
1240,,2,0,2,0,0,13.5,0
1241,,2,1,2,0,0,21.0,0
1242,,1,1,3,0,1,63.3583,1
1243,,2,0,2,0,0,10.5,0
1244,,2,0,1,0,0,73.5,0
1245,,2,0,3,1,2,65.0,0
1246,,3,1,0,1,2,20.575,0
1247,,1,0,3,0,0,26.0,0
1248,,1,1,3,2,0,51.4792,0
1249,,3,0,2,0,0,7.8792,0
1250,,3,0,2,0,0,7.75,2
1251,,3,1,2,1,0,15.55,0
1252,,3,0,1,8,2,69.55,0
1253,,2,1,2,1,1,37.0042,1
1254,,2,1,2,0,0,21.0,0
1255,,3,0,2,0,0,8.6625,0
1256,,1,1,2,1,0,55.4417,1
1257,,3,1,2,1,9,69.55,0
1258,,3,0,2,1,0,14.4583,1
1259,,3,1,2,0,0,39.6875,0
1260,,1,1,3,0,1,59.4,1
1261,,2,0,2,0,0,13.8583,1
1262,,2,0,2,1,0,11.5,0
1263,,1,1,2,0,0,14.4542,1
1264,,1,0,3,0,0,0.0,0
1265,,2,0,3,0,0,13.0,0
1266,,1,1,3,1,1,81.8583,0
1267,,1,1,3,0,0,14.4542,1
1268,,3,1,2,2,0,8.6625,0
1269,,2,0,2,0,0,11.5,0
1270,,1,0,3,0,0,50.0,0
1271,,3,0,0,4,2,31.3875,0
1272,,3,0,2,0,0,7.75,2
1273,,3,0,2,0,0,7.8792,2
1274,,3,1,2,0,0,14.5,0
1275,,3,1,2,1,0,16.1,0
1276,,2,0,2,0,0,12.875,0
1277,,2,1,2,1,2,65.0,0
1278,,3,0,2,0,0,7.775,0
1279,,2,0,3,0,0,13.0,0
1280,,3,0,2,0,0,7.75,2
1281,,3,0,0,3,1,21.075,0
1282,,1,0,2,0,0,93.5,0
1283,,1,1,3,0,1,39.4,0
1284,,3,0,1,0,2,20.25,0
1285,,2,0,3,0,0,10.5,0
1286,,3,0,2,3,1,22.025,0
1287,,1,1,1,1,0,60.0,0
1288,,3,0,2,0,0,7.25,2
1289,,1,1,3,1,1,79.2,1
1290,,3,0,2,0,0,7.775,0
1291,,3,0,2,0,0,7.7333,2
1292,,1,1,2,0,0,14.4542,0
1293,,2,0,3,1,0,21.0,0
1294,,1,1,2,0,1,59.4,1
1295,,1,0,1,0,0,47.1,0
1296,,1,0,3,1,0,27.7208,1
1297,,2,0,2,0,0,13.8625,1
1298,,2,0,2,1,0,10.5,0
1299,,1,0,3,1,1,14.4542,1
1300,,3,1,2,0,0,7.7208,2
1301,,3,1,0,1,1,13.775,0
1302,,3,1,2,0,0,7.75,2
1303,,1,1,3,1,0,90.0,2
1304,,3,1,2,0,0,7.775,0
1305,,3,0,2,0,0,8.05,0
1306,,1,1,3,0,0,108.9,1
1307,,3,0,3,0,0,7.25,0
1308,,3,0,2,0,0,8.05,0
1309,,3,0,2,1,1,22.3583,1
